{"opt": {"rows": 10, "data": [0.0, 0.0, 0.0, 0.0, 0.0, 0.0, 0.0, 0.0, 0.0, 0.0], "cols": 1}, "par": {"x_k": {"rows": 5, "data": [0.0, 0.0, 0.0, 0.0, 0.0], "cols": 1}}, "constant": {"H": {"rows": 10, "data": [0.3954176725558405, 0.28831917153544534, 0.22446399100292552, 0.1802621264451862, 0.13753701556022638, 0.09531889304127417, 0.0582094290468864, 0.029598197352693426, 0.011108507580251278, 0.0023007592459624946, 0.28831917153544534, 0.29840305234702996, 0.2022892374232087, 0.1494147433281878, 0.11615723994032819, 0.08433006687885222, 0.05309900510736292, 0.027357958499253026, 0.010378351534375047, 0.002180775732261103, 0.22446399100292552, 0.2022892374232087, 0.2220883724520801, 0.13568541748020274, 0.09249135996472843, 0.06888037972213083, 0.04678332205497368, 0.02559427122247857, 0.01005960169010229, 0.002099137969862156, 0.1802621264451862, 0.1494147433281878, 0.13568541748020274, 0.16392511477496874, 0.08593798094111071, 0.051138309586346756, 0.036000765058743694, 0.022621507155866284, 0.010214558688087183, 0.002415655292846619, 0.13753701556022638, 0.11615723994032819, 0.09249135996472843, 0.08593798094111073, 0.12133074027362381, 0.05048186365168507, 0.022902615609832276, 0.015203940605127336, 0.009266337633518059, 0.003267139510089607, 0.09531889304127417, 0.08433006687885222, 0.06888037972213083, 0.051138309586346756, 0.05048186365168507, 0.09175299437079477, 0.026876872291406208, 0.005528703497867809, 0.004077636524409962, 0.003188837010128037, 0.0582094290468864, 0.05309900510736292, 0.04678332205497368, 0.036000765058743694, 0.022902615609832276, 0.02687687229140621, 0.07286527471342853, 0.01292525665210874, -0.003504267540684043, -0.0011089049908378902, 0.029598197352693426, 0.027357958499253026, 0.02559427122247857, 0.022621507155866284, 0.015203940605127336, 0.005528703497867806, 0.01292525665210874, 0.06205937134598274, 0.004769685359301641, -0.008586585575213733, 0.011108507580251278, 0.010378351534375047, 0.01005960169010229, 0.010214558688087183, 0.009266337633518059, 0.004077636524409962, -0.003504267540684044, 0.004769685359301642, 0.053235095351278086, -0.0017259033794743987, 0.0023007592459624946, 0.002180775732261103, 0.002099137969862156, 0.002415655292846619, 0.003267139510089607, 0.003188837010128037, -0.0011089049908378898, -0.008586585575213735, -0.001725903379474398, 0.04633392380083058], "cols": 10}, "u_lb": {"rows": 10, "data": [-0.262, -0.262, -0.262, -0.262, -0.262, -0.262, -0.262, -0.262, -0.262, -0.262], "cols": 1}, "u_ub": {"rows": 10, "data": [0.262, 0.262, 0.262, 0.262, 0.262, 0.262, 0.262, 0.262, 0.262, 0.262], "cols": 1}, "V": {"rows": 55, "data": [0.0, 0.0, 0.0, 0.0, 0.0, 0.0, 0.0, 0.0, 0.0, 0.0, 0.0, 0.0, 0.0, 0.0, 0.0, 0.0, 0.0, 0.0, 0.0, 0.0, 0.0, 0.0, 0.0, 0.0, 0.0, 0.0, 0.0, 0.0, 0.0, 0.0, 0.0, 0.0, 0.0, 0.0, 0.0, 0.0, 0.0, 0.0, 0.0, 0.0, 0.0, 0.0, 0.0, 0.0, 0.0, 0.0, 0.0, 0.0, 0.0, 0.0, -1.2346445, 0.0, 0.0, 0.0, 0.0, 0.0, 0.0, 0.0, 0.0, 0.0, -1.43828223, 0.0, 0.0, 0.0, 0.0, 0.0, 0.0, 0.0, 0.0, 0.0, -4.48282454, 0.0, 0.0, 0.0, 0.0, 0.0, 0.0, 0.0, 0.0, 0.0, -1.79989043, 0.0, 0.0, 0.0, 0.0, 0.0, 0.0, 0.0, 0.0, 0.0, 1.0, 0.0, 0.0, 0.0, 0.0, 0.0, 0.0, 0.0, 0.0, 0.0, -1.0974039186665048, -1.2346445, 0.0, 0.0, 0.0, 0.0, 0.0, 0.0, 0.0, 0.0, -2.1902724389853945, -1.43828223, 0.0, 0.0, 0.0, 0.0, 0.0, 0.0, 0.0, 0.0, 0.5999223428642008, -4.48282454, 0.0, 0.0, 0.0, 0.0, 0.0, 0.0, 0.0, 0.0, -44.33129636629157, -1.79989043, 0.0, 0.0, 0.0, 0.0, 0.0, 0.0, 0.0, 0.0, 0.0, 1.0, 0.0, 0.0, 0.0, 0.0, 0.0, 0.0, 0.0, 0.0, -0.15611936526341696, -1.0974039186665048, -1.2346445, 0.0, 0.0, 0.0, 0.0, 0.0, 0.0, 0.0, -1.6196619410075623, -2.1902724389853945, -1.43828223, 0.0, 0.0, 0.0, 0.0, 0.0, 0.0, 0.0, 1.1698310117440094, 0.5999223428642008, -4.48282454, 0.0, 0.0, 0.0, 0.0, 0.0, 0.0, 0.0, -129.5864986473959, -44.33129636629157, -1.79989043, 0.0, 0.0, 0.0, 0.0, 0.0, 0.0, 0.0, 0.0, 0.0, 1.0, 0.0, 0.0, 0.0, 0.0, 0.0, 0.0, 0.0, 0.1716014312172613, -0.15611936526341696, -1.0974039186665048, -1.2346445, 0.0, 0.0, 0.0, 0.0, 0.0, 0.0, -1.2453882329998764, -1.6196619410075623, -2.1902724389853945, -1.43828223, 0.0, 0.0, 0.0, 0.0, 0.0, 0.0, 0.31701425829761154, 1.1698310117440094, 0.5999223428642008, -4.48282454, 0.0, 0.0, 0.0, 0.0, 0.0, 0.0, -222.96036599017532, -129.5864986473959, -44.33129636629157, -1.79989043, 0.0, 0.0, 0.0, 0.0, 0.0, 0.0, 0.0, 0.0, 0.0, 1.0, 0.0, 0.0, 0.0, 0.0, 0.0, 0.0, 0.09783203310639618, 0.1716014312172613, -0.15611936526341696, -1.0974039186665048, -1.2346445, 0.0, 0.0, 0.0, 0.0, 0.0, -1.2235837243599734, -1.2453882329998764, -1.6196619410075623, -2.1902724389853945, -1.43828223, 0.0, 0.0, 0.0, 0.0, 0.0, -0.12587992629703515, 0.31701425829761154, 1.1698310117440094, 0.5999223428642008, -4.48282454, 0.0, 0.0, 0.0, 0.0, 0.0, -310.42654610478195, -222.96036599017532, -129.5864986473959, -44.33129636629157, -1.79989043, 0.0, 0.0, 0.0, 0.0, 0.0, 0.0, 0.0, 0.0, 0.0, 1.0, 0.0, 0.0, 0.0, 0.0, 0.0, 0.000979426435084172, 0.09783203310639618, 0.1716014312172613, -0.15611936526341696, -1.0974039186665048, -1.2346445, 0.0, 0.0, 0.0, 0.0, -1.2940193522385297, -1.2235837243599734, -1.2453882329998764, -1.6196619410075623, -2.1902724389853945, -1.43828223, 0.0, 0.0, 0.0, 0.0, -0.11434193054785688, -0.12587992629703515, 0.31701425829761154, 1.1698310117440094, 0.5999223428642008, -4.48282454, 0.0, 0.0, 0.0, 0.0, -393.9477285628669, -310.42654610478195, -222.96036599017532, -129.5864986473959, -44.33129636629157, -1.79989043, 0.0, 0.0, 0.0, 0.0, 0.0, 0.0, 0.0, 0.0, 0.0, 1.0, 0.0, 0.0, 0.0, 0.0, -0.020199351255271412, 0.000979426435084172, 0.09783203310639618, 0.1716014312172613, -0.15611936526341696, -1.0974039186665048, -1.2346445, 0.0, 0.0, 0.0, -1.3252864320613889, -1.2940193522385297, -1.2235837243599734, -1.2453882329998764, -1.6196619410075623, -2.1902724389853945, -1.43828223, 0.0, 0.0, 0.0, -0.016847207523071877, -0.11434193054785688, -0.12587992629703515, 0.31701425829761154, 1.1698310117440094, 0.5999223428642008, -4.48282454, 0.0, 0.0, 0.0, -477.216630732117, -393.9477285628669, -310.42654610478195, -222.96036599017532, -129.5864986473959, -44.33129636629157, -1.79989043, 0.0, 0.0, 0.0, 0.0, 0.0, 0.0, 0.0, 0.0, 0.0, 1.0, 0.0, 0.0, 0.0, -0.007857852165051383, -0.020199351255271412, 0.000979426435084172, 0.09783203310639618, 0.1716014312172613, -0.15611936526341696, -1.0974039186665048, -1.2346445, 0.0, 0.0, -1.3223210741687834, -1.3252864320613889, -1.2940193522385297, -1.2235837243599734, -1.2453882329998764, -1.6196619410075623, -2.1902724389853945, -1.43828223, 0.0, 0.0, 0.017659727508013368, -0.016847207523071877, -0.11434193054785688, -0.12587992629703515, 0.31701425829761154, 1.1698310117440094, 0.5999223428642008, -4.48282454, 0.0, 0.0, -561.2194479564766, -477.216630732117, -393.9477285628669, -310.42654610478195, -222.96036599017532, -129.5864986473959, -44.33129636629157, -1.79989043, 0.0, 0.0, 0.0, 0.0, 0.0, 0.0, 0.0, 0.0, 0.0, 1.0, 0.0, 0.0, 0.0012704492021714624, -0.007857852165051383, -0.020199351255271412, 0.000979426435084172, 0.09783203310639618, 0.1716014312172613, -0.15611936526341696, -1.0974039186665048, -1.2346445, 0.0, -1.314623452992693, -1.3223210741687834, -1.3252864320613889, -1.2940193522385297, -1.2235837243599734, -1.2453882329998764, -1.6196619410075623, -2.1902724389853945, -1.43828223, 0.0, 0.010232186591994229, 0.017659727508013368, -0.016847207523071877, -0.11434193054785688, -0.12587992629703515, 0.31701425829761154, 1.1698310117440094, 0.5999223428642008, -4.48282454, 0.0, -645.5533317997786, -561.2194479564766, -477.216630732117, -393.9477285628669, -310.42654610478195, -222.96036599017532, -129.5864986473959, -44.33129636629157, -1.79989043, 0.0, 0.0, 0.0, 0.0, 0.0, 0.0, 0.0, 0.0, 0.0, 1.0, 0.0, 0.002133480613351252, 0.0012704492021714624, -0.007857852165051383, -0.020199351255271412, 0.000979426435084172, 0.09783203310639618, 0.1716014312172613, -0.15611936526341696, -1.0974039186665048, -1.2346445, -1.3123309437048944, -1.314623452992693, -1.3223210741687834, 